<?xml version="1.0" encoding="UTF-8"?>
<!DOCTYPE mapper 
          PUBLIC "-//mybatis.org/DTD Mapper 3.0//EN" 
          "http://mybatis.org/dtd/mybatis-3-mapper.dtd" >
       
<mapper namespace="myBoard">

	<select id="allBoards" resultType="BoardComments">		
		<![CDATA[
			SELECT boardNum, boardAuthor, boardDate, boardTitle,
            (SELECT COUNT(clicklikeId)  
            FROM likes
            WHERE boards.boardNum = likes.articleNum
            ) AS boardLIKE,
            (SELECT  COUNT(commentsNum) 
             FROM comments  
             WHERE boards.boardNum = comments.commentsArticleNum
            ) AS cntComments
            FROM boards
            GROUP BY boards.boardNum
            ORDER BY boards.boardNum DESC;	
		]]>
	</select>

	<insert id="newArticle" parameterType="BoardComments">
         <![CDATA[
             INSERT INTO boards (boardTitle, boardContent, boardAuthor, boardLike)
             VALUES ( #{boardTitle}, #{boardContent}, #{boardAuthor}, 0)
         ]]>
	</insert>

    <select id="articleDetails" resultType="Board">
        <![CDATA[
			SELECT boardNum, boardAuthor, boardContent, boardDate, boardTitle, 
			(SELECT COUNT(clicklikeId)  
            FROM likes
            WHERE boards.boardNum = likes.articleNum
            ) AS boardLIKE,
            (SELECT  COUNT(commentsNum) 
             FROM comments  
             WHERE boards.boardNum = comments.commentsArticleNum
            ) AS cntComments
            FROM boards
            WHERE boardNum = #{boardNum}
           	
            ]]>
    </select>
    
    <update id="editArticle" parameterType="Board" >
         <![CDATA[
            UPDATE boards
            SET boardTitle=#{boardTitle}, boardContent=#{boardContent}
            WHERE boardNum=#{boardNum}
         ]]>
    </update>
   
    <delete id="deleteArticle" parameterType="Board">
          <![CDATA[
             DELETE FROM boards
             WHERE boardNum=#{boardNum}
             
          ]]>
    </delete>
    
    <update id="addLike" parameterType="BoardLike">
          <![CDATA[
             INSERT INTO likes (articleNum, clicklikeId) 
             VALUES ( #{articleNum},#{clicklikeId})
          ]]>
    </update>
    
    <delete id="deleteLike" parameterType="BoardLike">
          <![CDATA[
             DELETE FROM likes
             WHERE articleNum=#{articleNum} AND clicklikeId=#{clicklikeId} 
             
          ]]> 
    </delete>
    
    <select id="likeInfo" parameterType="BoardLike" resultType="BoardLike">
           <![CDATA[
              SELECT articleNum, clicklikeId
              FROM likes
              WHERE articleNum = #{articleNum}
           ]]>
    </select>
   
</mapper>
