<?xml version="1.0" encoding="UTF-8"?>
<!DOCTYPE mapper 
          PUBLIC "-//mybatis.org/DTD Mapper 3.0//EN" 
          "http://mybatis.org/dtd/mybatis-3-mapper.dtd" >
       
<mapper namespace="myComments">

	<select id="allComments" parameterType="Comments" resultType="Comments">
	     <![CDATA[
	         SELECT commentsArticleNum, commentsNum, commentsId, commentsContents, commentsDate
	         FROM comments
	         WHERE commentsArticleNum = #{commentsArticleNum}
	         ORDER BY commentsNum DESC;
	     ]]>
	</select>
	
    <insert id="newComments" parameterType="Comments">
         <![CDATA[
            INSERT INTO comments (commentsArticleNum, commentsId, commentsContents)
            VALUES ( #{commentsArticleNum}, #{commentsId}, #{commentsContents})
         ]]>
    </insert>
   
    
    <update id="editComments" parameterType="Comments">
          <![CDATA[
            UPDATE comments
            SET commentsContents=#{commentsContents}
            WHERE commentsNum=#{commentsNum}
          ]]>
    </update>
    
    
    <select id="commentsDetails" parameterType="Comments" resultType="Comments">
         <![CDATA[
            SELECT commentsArticleNum, commentsNum, commentsId, commentsContents
            FROM comments
            WHERE commentsNum = #{commentsNum}
         ]]>
    </select>
   
    <delete id="deleteComments" parameterType="Comments">
          <![CDATA[
            DELETE FROM comments
            WHERE commentsNum = #{commentsNum}
          ]]>    
    </delete>
    
</mapper>
