<?xml version="1.0" encoding="UTF-8"?>
<!DOCTYPE mapper 
          PUBLIC "-//mybatis.org/DTD Mapper 3.0//EN" 
          "http://mybatis.org/dtd/mybatis-3-mapper.dtd" >
          
<mapper namespace="myMember">

	<select id="login" parameterType="Member"
	        resultType="Member">		
		<![CDATA[
			SELECT *
			FROM members
			WHERE memberId = #{memberId} AND
			      memberPw = #{memberPw};	
		]]>
	</select>
	
	<select id="idCheck" parameterType="String" resultType="String">
	     <![CDATA[
	        SELECT memberId
	        FROM members
	        WHERE memberId = #{memberId}
	     ]]>
	
	</select>
	
	<insert id="newMember" parameterType="Member">
	      <![CDATA[
	         INSERT INTO members
	         VALUES (#{memberId},#{memberName},#{memberPw})
	      ]]>
	      
	</insert>
	
	<update id="modifyMembership" parameterType="Member">
	      <![CDATA[
	         UPDATE members
	         SET memberPw=#{memberPw}, memberName=#{memberName}
	         WHERE memberId=#{memberId}
	      ]]>
	      
	</update>

    
</mapper>
